Workbook

Sheet Intervals
A1: Inspection Intervals — code reference and single source of truth
A2: All three log tabs read their intervals from this sheet. Change a value here and every row recalculates. Confirm against the edition your AHJ enforces.
A3: Recurring checks
A4: Asset | B4: Check | C4: Every | D4: Unit | E4: Code reference
A5: Fire extinguisher | B5: Monthly inspection | C5: 30 | D5: days | E5: NFPA 10 — inspection at 30-day intervals; may be done in-house
A6: Fire extinguisher | B6: Annual maintenance | C6: 12 | D6: months | E6: NFPA 10 — annual maintenance by a certified technician
A7: Emergency light | B7: Monthly function test | C7: 30 | D7: days | E7: NFPA 101 7.9.3 — 30-day test, minimum 30 seconds
A8: Emergency light | B8: Annual full-duration test | C8: 12 | D8: months | E8: NFPA 101 7.9.3 — annual test, 90 minutes on battery
A9: Eye wash station | B9: Weekly activation / visual check | C9: 7 | D9: days | E9: ANSI/ISEA Z358.1 — weekly activation to clear the dead leg and confirm flow
A10: Eye wash station | B10: Annual inspection | C10: 12 | D10: months | E10: ANSI/ISEA Z358.1 — annual inspection by a competent person, full 15-minute flow
A12: Extinguisher type → internal examination and hydrostatic test intervals
A13: Extinguisher type | B13: Internal exam (years) | C13: Hydrostatic test (years) | D13: Code reference
A14: Dry chemical, stored pressure | B14: 6 | C14: 12 | D14: NFPA 10 — stored-pressure units on a 12-year hydro get a 6-year internal exam
A15: Dry chemical, stainless steel shell | B15: 5 | C15: 5 | D15: NFPA 10 — stainless shells hydro at 5 years
A16: Carbon dioxide (CO2) | B16: 5 | C16: 5 | D16: NFPA 10 — CO2 internal and hydro at 5 years
A17: Water / water mist | B17: 5 | C17: 5 | D17: NFPA 10 — pressurized water and water mist hydro at 5 years
A18: Wet chemical (Class K) | B18: 5 | C18: 5 | D18: NFPA 10 — wet chemical internal and hydro at 5 years
A20: Eye wash type → flushing-fluid replacement
A21: Eye wash type | B21: Fluid change (months) | C21: Note
A22: Plumbed | B22: 0 | C22: Fed from the water line - no flushing fluid to replace, so 0 = not applicable. The weekly check is a live activation.
A23: Self-contained (portable) | B23: 12 | C23: Gravity-fed tank - replace the flushing fluid on the manufacturer's schedule. 12 months is the common default; check the label, some require quarterly.
A24: Personal eye flush bottles (supplemental) | B24: 12 | C24: SUPPLEMENTAL ONLY under ANSI/ISEA Z358.1 - squeeze bottles assist but cannot be the only eyewash at a location, because they cannot deliver 0.4 GPM to both eyes for a full 15 minutes. Replace by the expiry date printed on the bottles.
A26: Dashboard settings
A27: Warn "due soon" this many days ahead - monthly and annual checks | C27: 7
A28: Warn "due soon" this many days ahead - weekly checks | C28: 2
A29: A weekly check needs a shorter warning window than a monthly one — a 7-day warning on a 7-day interval would show amber every single day.
A31: Sources: NFPA 10 (portable fire extinguishers), NFPA 101 7.9.3 (emergency lighting) and ANSI/ISEA Z358.1 (emergency eyewash), as summarised by fireinspected.com, the Minnesota Department of Health Life Safety Code guidance, and Haws Co. Confirm the enforced edition before an inspection.

Sheet FE Log
A1: Fire Extinguisher PM Log — Atomic Industries, 50479 Birch Drive, Shelby Township, MI
A2: Edit only the yellow cells. NFPA 10 requires four separate checks per extinguisher — a 30-day inspection, annual maintenance, an internal examination and a hydrostatic test. Status and Next Action always report whichever comes due first.
A3: CONFIRMED BY JOHN GODEK 08/10/2026: UniFirst serviced the 11 tagged units in MARCH 2026, and the cylinder stamps read ZX26 with the collar tags marked 2026, so every unit was manufactured in 2026. Only the year is known, so Mfd Date is set to 01/01/2026 - that makes the internal-exam and hydrostatic checks fall due at the earliest plausible date. Enter a real date in Last Internal Exam or Last Hydro Test and that takes over from the manufacture date automatically. Agent type verified from photos on all 21 units; five are CO2, not dry chemical.
A5: FE # | B5: Near Location | C5: Type | D5: Mfd Date | E5: Last Monthly Insp | F5: Next Monthly Insp | G5: Last Annual Maint | H5: Next Annual Maint | I5: Last Internal Exam | J5: Next Internal Exam | K5: Last Hydro Test | L5: Next Hydro Test | M5: Next Action | N5: Days Remaining | O5: Status | P5: Notes
A6: FE1 | B6: Admin Desk / Office Area entrance | C6: Dry chemical, stored pressure | D6: 46023 | E6: 46226 | F6: =IF($E6="","",$E6+Intervals!$C$5) -> 46256 | H6: =IF($G6="","",EDATE($G6,Intervals!$C$6)) | J6: =IF($C6="","",IF(AND($I6="",$D6=""),"",EDATE(IF($I6="",$D6,$I6),12*INDEX(Intervals!$B$14:$B$18,MATCH($C6,Intervals!$A$14:$A$18,0))))) -> 48214 | L6: =IF($C6="","",IF(AND($K6="",$D6=""),"",EDATE(IF($K6="",$D6,$K6),12*INDEX(Intervals!$C$14:$C$18,MATCH($C6,Intervals!$A$14:$A$18,0))))) -> 50406 | M6: =IF(COUNT($F6,$H6,$J6,$L6)=0,"—",IF(MIN($F6,$H6,$J6,$L6)=$F6,"Monthly inspection",IF(MIN($F6,$H6,$J6,$L6)=$H6,"Annual maintenance",IF(MIN($F6,$H6,$J6,$L6)=$J6,"Internal exam","Hydrostatic test")))) -> Monthly inspection | N6: =IF(COUNT($F6,$H6,$J6,$L6)=0,"",MIN($F6,$H6,$J6,$L6)-TODAY()) -> 11 | O6: =IF($N6="","NOT LOGGED",IF($N6<=0,"OVERDUE",IF($N6<=Intervals!$C$27,"DUE SOON","OK"))) -> OK | P6: Tag: monthly 5/13, 6/16, 7/23/26 (JB). Year Mfd / Date Installed blank. Photo: front entry vestibule. Gauge green.
A7: FE2 | B7: IT Room hallway | C7: Carbon dioxide (CO2) | D7: 46023 | E7: 46226 | F7: =IF($E7="","",$E7+Intervals!$C$5) -> 46256 | H7: =IF($G7="","",EDATE($G7,Intervals!$C$6)) | J7: =IF($C7="","",IF(AND($I7="",$D7=""),"",EDATE(IF($I7="",$D7,$I7),12*INDEX(Intervals!$B$14:$B$18,MATCH($C7,Intervals!$A$14:$A$18,0))))) -> 47849 | L7: =IF($C7="","",IF(AND($K7="",$D7=""),"",EDATE(IF($K7="",$D7,$K7),12*INDEX(Intervals!$C$14:$C$18,MATCH($C7,Intervals!$A$14:$A$18,0))))) -> 47849 | M7: =IF(COUNT($F7,$H7,$J7,$L7)=0,"—",IF(MIN($F7,$H7,$J7,$L7)=$F7,"Monthly inspection",IF(MIN($F7,$H7,$J7,$L7)=$H7,"Annual maintenance",IF(MIN($F7,$H7,$J7,$L7)=$J7,"Internal exam","Hydrostatic test")))) -> Monthly inspection | N7: =IF(COUNT($F7,$H7,$J7,$L7)=0,"",MIN($F7,$H7,$J7,$L7)-TODAY()) -> 11 | O7: =IF($N7="","NOT LOGGED",IF($N7<=0,"OVERDUE",IF($N7<=Intervals!$C$27,"DUE SOON","OK"))) -> OK | P7: Tag: monthly 5/13, 6/16, 7/23/26 (JB). Year Mfd / Date Installed blank. 5 lb CO2, model CO5LB, 5-B:C. Photo: by First Aid station.
A8: FE3 | B8: Break Room | C8: Dry chemical, stored pressure | D8: 46023 | E8: 46226 | F8: =IF($E8="","",$E8+Intervals!$C$5) -> 46256 | H8: =IF($G8="","",EDATE($G8,Intervals!$C$6)) | J8: =IF($C8="","",IF(AND($I8="",$D8=""),"",EDATE(IF($I8="",$D8,$I8),12*INDEX(Intervals!$B$14:$B$18,MATCH($C8,Intervals!$A$14:$A$18,0))))) -> 48214 | L8: =IF($C8="","",IF(AND($K8="",$D8=""),"",EDATE(IF($K8="",$D8,$K8),12*INDEX(Intervals!$C$14:$C$18,MATCH($C8,Intervals!$A$14:$A$18,0))))) -> 50406 | M8: =IF(COUNT($F8,$H8,$J8,$L8)=0,"—",IF(MIN($F8,$H8,$J8,$L8)=$F8,"Monthly inspection",IF(MIN($F8,$H8,$J8,$L8)=$H8,"Annual maintenance",IF(MIN($F8,$H8,$J8,$L8)=$J8,"Internal exam","Hydrostatic test")))) -> Monthly inspection | N8: =IF(COUNT($F8,$H8,$J8,$L8)=0,"",MIN($F8,$H8,$J8,$L8)-TODAY()) -> 11 | O8: =IF($N8="","NOT LOGGED",IF($N8<=0,"OVERDUE",IF($N8<=Intervals!$C$27,"DUE SOON","OK"))) -> OK | P8: Tag: monthly 5/13, 6/16, 7/23/26 (JB). Year Mfd / Date Installed blank. Photo: corridor by exit door. Gauge green.
A9: FE4 | B9: Training Room | C9: Carbon dioxide (CO2) | D9: 46023 | E9: 46226 | F9: =IF($E9="","",$E9+Intervals!$C$5) -> 46256 | H9: =IF($G9="","",EDATE($G9,Intervals!$C$6)) | J9: =IF($C9="","",IF(AND($I9="",$D9=""),"",EDATE(IF($I9="",$D9,$I9),12*INDEX(Intervals!$B$14:$B$18,MATCH($C9,Intervals!$A$14:$A$18,0))))) -> 47849 | L9: =IF($C9="","",IF(AND($K9="",$D9=""),"",EDATE(IF($K9="",$D9,$K9),12*INDEX(Intervals!$C$14:$C$18,MATCH($C9,Intervals!$A$14:$A$18,0))))) -> 47849 | M9: =IF(COUNT($F9,$H9,$J9,$L9)=0,"—",IF(MIN($F9,$H9,$J9,$L9)=$F9,"Monthly inspection",IF(MIN($F9,$H9,$J9,$L9)=$H9,"Annual maintenance",IF(MIN($F9,$H9,$J9,$L9)=$J9,"Internal exam","Hydrostatic test")))) -> Monthly inspection | N9: =IF(COUNT($F9,$H9,$J9,$L9)=0,"",MIN($F9,$H9,$J9,$L9)-TODAY()) -> 11 | O9: =IF($N9="","NOT LOGGED",IF($N9<=0,"OVERDUE",IF($N9<=Intervals!$C$27,"DUE SOON","OK"))) -> OK | P9: Tag: monthly 5/13, 6/16, 7/23/26 (JB). Year Mfd / Date Installed blank. Photo: drinking-fountain alcove by Women's restroom.
A10: FE5 | B10: 190 Ton press bay | C10: Carbon dioxide (CO2) | D10: 46023 | E10: 46226 | F10: =IF($E10="","",$E10+Intervals!$C$5) -> 46256 | H10: =IF($G10="","",EDATE($G10,Intervals!$C$6)) | J10: =IF($C10="","",IF(AND($I10="",$D10=""),"",EDATE(IF($I10="",$D10,$I10),12*INDEX(Intervals!$B$14:$B$18,MATCH($C10,Intervals!$A$14:$A$18,0))))) -> 47849 | L10: =IF($C10="","",IF(AND($K10="",$D10=""),"",EDATE(IF($K10="",$D10,$K10),12*INDEX(Intervals!$C$14:$C$18,MATCH($C10,Intervals!$A$14:$A$18,0))))) -> 47849 | M10: =IF(COUNT($F10,$H10,$J10,$L10)=0,"—",IF(MIN($F10,$H10,$J10,$L10)=$F10,"Monthly inspection",IF(MIN($F10,$H10,$J10,$L10)=$H10,"Annual maintenance",IF(MIN($F10,$H10,$J10,$L10)=$J10,"Internal exam","Hydrostatic test")))) -> Monthly inspection | N10: =IF(COUNT($F10,$H10,$J10,$L10)=0,"",MIN($F10,$H10,$J10,$L10)-TODAY()) -> 11 | O10: =IF($N10="","NOT LOGGED",IF($N10<=0,"OVERDUE",IF($N10<=Intervals!$C$27,"DUE SOON","OK"))) -> OK | P10: Tag: monthly 5/13, 6/16, 7/23/26 (JB). Year Mfd / Date Installed blank. Photo: plant-floor entry under FIRE EXTINGUISHER arrow.
A11: FE6 | B11: Supervisors area | C11: Carbon dioxide (CO2) | D11: 46023 | E11: 46226 | F11: =IF($E11="","",$E11+Intervals!$C$5) -> 46256 | H11: =IF($G11="","",EDATE($G11,Intervals!$C$6)) | J11: =IF($C11="","",IF(AND($I11="",$D11=""),"",EDATE(IF($I11="",$D11,$I11),12*INDEX(Intervals!$B$14:$B$18,MATCH($C11,Intervals!$A$14:$A$18,0))))) -> 47849 | L11: =IF($C11="","",IF(AND($K11="",$D11=""),"",EDATE(IF($K11="",$D11,$K11),12*INDEX(Intervals!$C$14:$C$18,MATCH($C11,Intervals!$A$14:$A$18,0))))) -> 47849 | M11: =IF(COUNT($F11,$H11,$J11,$L11)=0,"—",IF(MIN($F11,$H11,$J11,$L11)=$F11,"Monthly inspection",IF(MIN($F11,$H11,$J11,$L11)=$H11,"Annual maintenance",IF(MIN($F11,$H11,$J11,$L11)=$J11,"Internal exam","Hydrostatic test")))) -> Monthly inspection | N11: =IF(COUNT($F11,$H11,$J11,$L11)=0,"",MIN($F11,$H11,$J11,$L11)-TODAY()) -> 11 | O11: =IF($N11="","NOT LOGGED",IF($N11<=0,"OVERDUE",IF($N11<=Intervals!$C$27,"DUE SOON","OK"))) -> OK | P11: Tag: monthly 5/13, 6/16, 7/23/26 (JB). GREEN 2026 SERVICE SEAL on pull pin. Photo: plant-side corridor at conference-room window (AEDs further along).
A12: FE7 | B12: Office Area (near Warehouse aisle) | C12: Carbon dioxide (CO2) | D12: 46023 | E12: 46226 | F12: =IF($E12="","",$E12+Intervals!$C$5) -> 46256 | H12: =IF($G12="","",EDATE($G12,Intervals!$C$6)) | J12: =IF($C12="","",IF(AND($I12="",$D12=""),"",EDATE(IF($I12="",$D12,$I12),12*INDEX(Intervals!$B$14:$B$18,MATCH($C12,Intervals!$A$14:$A$18,0))))) -> 47849 | L12: =IF($C12="","",IF(AND($K12="",$D12=""),"",EDATE(IF($K12="",$D12,$K12),12*INDEX(Intervals!$C$14:$C$18,MATCH($C12,Intervals!$A$14:$A$18,0))))) -> 47849 | M12: =IF(COUNT($F12,$H12,$J12,$L12)=0,"—",IF(MIN($F12,$H12,$J12,$L12)=$F12,"Monthly inspection",IF(MIN($F12,$H12,$J12,$L12)=$H12,"Annual maintenance",IF(MIN($F12,$H12,$J12,$L12)=$J12,"Internal exam","Hydrostatic test")))) -> Monthly inspection | N12: =IF(COUNT($F12,$H12,$J12,$L12)=0,"",MIN($F12,$H12,$J12,$L12)-TODAY()) -> 11 | O12: =IF($N12="","NOT LOGGED",IF($N12<=0,"OVERDUE",IF($N12<=Intervals!$C$27,"DUE SOON","OK"))) -> OK | P12: 5 lb CO2 (shell stamp). Paper tag present, entries not readable at this angle. Photo: plant-side OFFICE AREA door by the stairs.
A13: FE8 | B13: Warehouse Area | C13: Dry chemical, stored pressure | D13: 46023 | E13: 46226 | F13: =IF($E13="","",$E13+Intervals!$C$5) -> 46256 | H13: =IF($G13="","",EDATE($G13,Intervals!$C$6)) | J13: =IF($C13="","",IF(AND($I13="",$D13=""),"",EDATE(IF($I13="",$D13,$I13),12*INDEX(Intervals!$B$14:$B$18,MATCH($C13,Intervals!$A$14:$A$18,0))))) -> 48214 | L13: =IF($C13="","",IF(AND($K13="",$D13=""),"",EDATE(IF($K13="",$D13,$K13),12*INDEX(Intervals!$C$14:$C$18,MATCH($C13,Intervals!$A$14:$A$18,0))))) -> 50406 | M13: =IF(COUNT($F13,$H13,$J13,$L13)=0,"—",IF(MIN($F13,$H13,$J13,$L13)=$F13,"Monthly inspection",IF(MIN($F13,$H13,$J13,$L13)=$H13,"Annual maintenance",IF(MIN($F13,$H13,$J13,$L13)=$J13,"Internal exam","Hydrostatic test")))) -> Monthly inspection | N13: =IF(COUNT($F13,$H13,$J13,$L13)=0,"",MIN($F13,$H13,$J13,$L13)-TODAY()) -> 11 | O13: =IF($N13="","NOT LOGGED",IF($N13<=0,"OVERDUE",IF($N13<=Intervals!$C$27,"DUE SOON","OK"))) -> OK | P13: Paper tag present, entries not readable at this angle. Photo: warehouse corner by blue pallet stacks.
A14: FE9 | B14: 1400 Ton press bay | C14: Dry chemical, stored pressure | D14: 46023 | E14: 46226 | F14: =IF($E14="","",$E14+Intervals!$C$5) -> 46256 | G14: 46082 | H14: =IF($G14="","",EDATE($G14,Intervals!$C$6)) -> 46447 | J14: =IF($C14="","",IF(AND($I14="",$D14=""),"",EDATE(IF($I14="",$D14,$I14),12*INDEX(Intervals!$B$14:$B$18,MATCH($C14,Intervals!$A$14:$A$18,0))))) -> 48214 | L14: =IF($C14="","",IF(AND($K14="",$D14=""),"",EDATE(IF($K14="",$D14,$K14),12*INDEX(Intervals!$C$14:$C$18,MATCH($C14,Intervals!$A$14:$A$18,0))))) -> 50406 | M14: =IF(COUNT($F14,$H14,$J14,$L14)=0,"—",IF(MIN($F14,$H14,$J14,$L14)=$F14,"Monthly inspection",IF(MIN($F14,$H14,$J14,$L14)=$H14,"Annual maintenance",IF(MIN($F14,$H14,$J14,$L14)=$J14,"Internal exam","Hydrostatic test")))) -> Monthly inspection | N14: =IF(COUNT($F14,$H14,$J14,$L14)=0,"",MIN($F14,$H14,$J14,$L14)-TODAY()) -> 11 | O14: =IF($N14="","NOT LOGGED",IF($N14<=0,"OVERDUE",IF($N14<=Intervals!$C$27,"DUE SOON","OK"))) -> OK | P14: UNIFIRST service tag (month/year punch grid, 2026-2028); punch position not readable in photo. Gauge green. Photo: yellow column on warehouse/racking aisle.
A15: FE10 | B15: 310 Ton press bay | C15: Dry chemical, stored pressure | D15: 46023 | E15: 46226 | F15: =IF($E15="","",$E15+Intervals!$C$5) -> 46256 | G15: 46082 | H15: =IF($G15="","",EDATE($G15,Intervals!$C$6)) -> 46447 | J15: =IF($C15="","",IF(AND($I15="",$D15=""),"",EDATE(IF($I15="",$D15,$I15),12*INDEX(Intervals!$B$14:$B$18,MATCH($C15,Intervals!$A$14:$A$18,0))))) -> 48214 | L15: =IF($C15="","",IF(AND($K15="",$D15=""),"",EDATE(IF($K15="",$D15,$K15),12*INDEX(Intervals!$C$14:$C$18,MATCH($C15,Intervals!$A$14:$A$18,0))))) -> 50406 | M15: =IF(COUNT($F15,$H15,$J15,$L15)=0,"—",IF(MIN($F15,$H15,$J15,$L15)=$F15,"Monthly inspection",IF(MIN($F15,$H15,$J15,$L15)=$H15,"Annual maintenance",IF(MIN($F15,$H15,$J15,$L15)=$J15,"Internal exam","Hydrostatic test")))) -> Monthly inspection | N15: =IF(COUNT($F15,$H15,$J15,$L15)=0,"",MIN($F15,$H15,$J15,$L15)-TODAY()) -> 11 | O15: =IF($N15="","NOT LOGGED",IF($N15<=0,"OVERDUE",IF($N15<=Intervals!$C$27,"DUE SOON","OK"))) -> OK | P15: UNIFIRST service tag (month/year punch grid); punch position not readable in photo. Model PD10JLAL. Photo: press aisle by the LSG 240E machines.
A16: FE11 | B16: Near 310 Ton bay (south aisle) | C16: Dry chemical, stored pressure | D16: 46023 | E16: 46226 | F16: =IF($E16="","",$E16+Intervals!$C$5) -> 46256 | H16: =IF($G16="","",EDATE($G16,Intervals!$C$6)) | J16: =IF($C16="","",IF(AND($I16="",$D16=""),"",EDATE(IF($I16="",$D16,$I16),12*INDEX(Intervals!$B$14:$B$18,MATCH($C16,Intervals!$A$14:$A$18,0))))) -> 48214 | L16: =IF($C16="","",IF(AND($K16="",$D16=""),"",EDATE(IF($K16="",$D16,$K16),12*INDEX(Intervals!$C$14:$C$18,MATCH($C16,Intervals!$A$14:$A$18,0))))) -> 50406 | M16: =IF(COUNT($F16,$H16,$J16,$L16)=0,"—",IF(MIN($F16,$H16,$J16,$L16)=$F16,"Monthly inspection",IF(MIN($F16,$H16,$J16,$L16)=$H16,"Annual maintenance",IF(MIN($F16,$H16,$J16,$L16)=$J16,"Internal exam","Hydrostatic test")))) -> Monthly inspection | N16: =IF(COUNT($F16,$H16,$J16,$L16)=0,"",MIN($F16,$H16,$J16,$L16)-TODAY()) -> 11 | O16: =IF($N16="","NOT LOGGED",IF($N16<=0,"OVERDUE",IF($N16<=Intervals!$C$27,"DUE SOON","OK"))) -> OK | P16: Tag: monthly 5/13, 6/16, 7/23/26 (JB). Victory tag. Photo: workbench corner by the overhead door / laser table.
A17: FE12 | B17: Warehouse Area (east) | C17: Dry chemical, stored pressure | D17: 46023 | E17: 46226 | F17: =IF($E17="","",$E17+Intervals!$C$5) -> 46256 | G17: 46082 | H17: =IF($G17="","",EDATE($G17,Intervals!$C$6)) -> 46447 | J17: =IF($C17="","",IF(AND($I17="",$D17=""),"",EDATE(IF($I17="",$D17,$I17),12*INDEX(Intervals!$B$14:$B$18,MATCH($C17,Intervals!$A$14:$A$18,0))))) -> 48214 | L17: =IF($C17="","",IF(AND($K17="",$D17=""),"",EDATE(IF($K17="",$D17,$K17),12*INDEX(Intervals!$C$14:$C$18,MATCH($C17,Intervals!$A$14:$A$18,0))))) -> 50406 | M17: =IF(COUNT($F17,$H17,$J17,$L17)=0,"—",IF(MIN($F17,$H17,$J17,$L17)=$F17,"Monthly inspection",IF(MIN($F17,$H17,$J17,$L17)=$H17,"Annual maintenance",IF(MIN($F17,$H17,$J17,$L17)=$J17,"Internal exam","Hydrostatic test")))) -> Monthly inspection | N17: =IF(COUNT($F17,$H17,$J17,$L17)=0,"",MIN($F17,$H17,$J17,$L17)-TODAY()) -> 11 | O17: =IF($N17="","NOT LOGGED",IF($N17<=0,"OVERDUE",IF($N17<=Intervals!$C$27,"DUE SOON","OK"))) -> OK | P17: UNIFIRST punch tag: YEAR CELL PUNCHED = 2026. Month punch present but not legible at this angle. Photo: by the EMERGENCY EXIT ONLY door on the racking aisle.
A18: FE13 | B18: 1000 Ton press bay | C18: Dry chemical, stored pressure | D18: 46023 | E18: 46226 | F18: =IF($E18="","",$E18+Intervals!$C$5) -> 46256 | G18: 46082 | H18: =IF($G18="","",EDATE($G18,Intervals!$C$6)) -> 46447 | J18: =IF($C18="","",IF(AND($I18="",$D18=""),"",EDATE(IF($I18="",$D18,$I18),12*INDEX(Intervals!$B$14:$B$18,MATCH($C18,Intervals!$A$14:$A$18,0))))) -> 48214 | L18: =IF($C18="","",IF(AND($K18="",$D18=""),"",EDATE(IF($K18="",$D18,$K18),12*INDEX(Intervals!$C$14:$C$18,MATCH($C18,Intervals!$A$14:$A$18,0))))) -> 50406 | M18: =IF(COUNT($F18,$H18,$J18,$L18)=0,"—",IF(MIN($F18,$H18,$J18,$L18)=$F18,"Monthly inspection",IF(MIN($F18,$H18,$J18,$L18)=$H18,"Annual maintenance",IF(MIN($F18,$H18,$J18,$L18)=$J18,"Internal exam","Hydrostatic test")))) -> Monthly inspection | N18: =IF(COUNT($F18,$H18,$J18,$L18)=0,"",MIN($F18,$H18,$J18,$L18)-TODAY()) -> 11 | O18: =IF($N18="","NOT LOGGED",IF($N18<=0,"OVERDUE",IF($N18<=Intervals!$C$27,"DUE SOON","OK"))) -> OK | P18: UNIFIRST inspection tag (agent / year grid, 2025-2027). Photo: yellow column with oily-waste can, forklift aisle.
A19: FE14 | B19: 55 Ton press / south aisle | C19: Dry chemical, stored pressure | D19: 46023 | E19: 46226 | F19: =IF($E19="","",$E19+Intervals!$C$5) -> 46256 | G19: 46082 | H19: =IF($G19="","",EDATE($G19,Intervals!$C$6)) -> 46447 | J19: =IF($C19="","",IF(AND($I19="",$D19=""),"",EDATE(IF($I19="",$D19,$I19),12*INDEX(Intervals!$B$14:$B$18,MATCH($C19,Intervals!$A$14:$A$18,0))))) -> 48214 | L19: =IF($C19="","",IF(AND($K19="",$D19=""),"",EDATE(IF($K19="",$D19,$K19),12*INDEX(Intervals!$C$14:$C$18,MATCH($C19,Intervals!$A$14:$A$18,0))))) -> 50406 | M19: =IF(COUNT($F19,$H19,$J19,$L19)=0,"—",IF(MIN($F19,$H19,$J19,$L19)=$F19,"Monthly inspection",IF(MIN($F19,$H19,$J19,$L19)=$H19,"Annual maintenance",IF(MIN($F19,$H19,$J19,$L19)=$J19,"Internal exam","Hydrostatic test")))) -> Monthly inspection | N19: =IF(COUNT($F19,$H19,$J19,$L19)=0,"",MIN($F19,$H19,$J19,$L19)-TODAY()) -> 11 | O19: =IF($N19="","NOT LOGGED",IF($N19<=0,"OVERDUE",IF($N19<=Intervals!$C$27,"DUE SOON","OK"))) -> OK | P19: UNIFIRST punch tag: YEAR CELL PUNCHED = 2026 (hole through the 2026 cell). Month punch not legible. Photo: blue wall by the machines, under the 25-80906C crane.
A20: FE15 | B20: 720 Ton press bay | C20: Dry chemical, stored pressure | D20: 46023 | E20: 46226 | F20: =IF($E20="","",$E20+Intervals!$C$5) -> 46256 | G20: 46082 | H20: =IF($G20="","",EDATE($G20,Intervals!$C$6)) -> 46447 | J20: =IF($C20="","",IF(AND($I20="",$D20=""),"",EDATE(IF($I20="",$D20,$I20),12*INDEX(Intervals!$B$14:$B$18,MATCH($C20,Intervals!$A$14:$A$18,0))))) -> 48214 | L20: =IF($C20="","",IF(AND($K20="",$D20=""),"",EDATE(IF($K20="",$D20,$K20),12*INDEX(Intervals!$C$14:$C$18,MATCH($C20,Intervals!$A$14:$A$18,0))))) -> 50406 | M20: =IF(COUNT($F20,$H20,$J20,$L20)=0,"—",IF(MIN($F20,$H20,$J20,$L20)=$F20,"Monthly inspection",IF(MIN($F20,$H20,$J20,$L20)=$H20,"Annual maintenance",IF(MIN($F20,$H20,$J20,$L20)=$J20,"Internal exam","Hydrostatic test")))) -> Monthly inspection | N20: =IF(COUNT($F20,$H20,$J20,$L20)=0,"",MIN($F20,$H20,$J20,$L20)-TODAY()) -> 11 | O20: =IF($N20="","NOT LOGGED",IF($N20<=0,"OVERDUE",IF($N20<=Intervals!$C$27,"DUE SOON","OK"))) -> OK | P20: UNIFIRST inspection tag (2025-2027 grid). Model PD10LB-AL, 4-A:80-B:C. Photo: yellow column in the resin / racking aisle.
A21: FE16 | B21: 600 Ton press bay | C21: Dry chemical, stored pressure | D21: 46023 | E21: 46226 | F21: =IF($E21="","",$E21+Intervals!$C$5) -> 46256 | G21: 46082 | H21: =IF($G21="","",EDATE($G21,Intervals!$C$6)) -> 46447 | J21: =IF($C21="","",IF(AND($I21="",$D21=""),"",EDATE(IF($I21="",$D21,$I21),12*INDEX(Intervals!$B$14:$B$18,MATCH($C21,Intervals!$A$14:$A$18,0))))) -> 48214 | L21: =IF($C21="","",IF(AND($K21="",$D21=""),"",EDATE(IF($K21="",$D21,$K21),12*INDEX(Intervals!$C$14:$C$18,MATCH($C21,Intervals!$A$14:$A$18,0))))) -> 50406 | M21: =IF(COUNT($F21,$H21,$J21,$L21)=0,"—",IF(MIN($F21,$H21,$J21,$L21)=$F21,"Monthly inspection",IF(MIN($F21,$H21,$J21,$L21)=$H21,"Annual maintenance",IF(MIN($F21,$H21,$J21,$L21)=$J21,"Internal exam","Hydrostatic test")))) -> Monthly inspection | N21: =IF(COUNT($F21,$H21,$J21,$L21)=0,"",MIN($F21,$H21,$J21,$L21)-TODAY()) -> 11 | O21: =IF($N21="","NOT LOGGED",IF($N21<=0,"OVERDUE",IF($N21<=Intervals!$C$27,"DUE SOON","OK"))) -> OK | P21: UNIFIRST tag: MAR cell PUNCHED, agent dot on ABC (DRY CHEM). Photo: yellow post by the LIFEPLUS battery chargers - EYE WASH sign on that column, may be an unlogged station.
A22: FE17 | B22: Shipping & Receiving | C22: Dry chemical, stored pressure | D22: 46023 | E22: 46226 | F22: =IF($E22="","",$E22+Intervals!$C$5) -> 46256 | G22: 46082 | H22: =IF($G22="","",EDATE($G22,Intervals!$C$6)) -> 46447 | J22: =IF($C22="","",IF(AND($I22="",$D22=""),"",EDATE(IF($I22="",$D22,$I22),12*INDEX(Intervals!$B$14:$B$18,MATCH($C22,Intervals!$A$14:$A$18,0))))) -> 48214 | L22: =IF($C22="","",IF(AND($K22="",$D22=""),"",EDATE(IF($K22="",$D22,$K22),12*INDEX(Intervals!$C$14:$C$18,MATCH($C22,Intervals!$A$14:$A$18,0))))) -> 50406 | M22: =IF(COUNT($F22,$H22,$J22,$L22)=0,"—",IF(MIN($F22,$H22,$J22,$L22)=$F22,"Monthly inspection",IF(MIN($F22,$H22,$J22,$L22)=$H22,"Annual maintenance",IF(MIN($F22,$H22,$J22,$L22)=$J22,"Internal exam","Hydrostatic test")))) -> Monthly inspection | N22: =IF(COUNT($F22,$H22,$J22,$L22)=0,"",MIN($F22,$H22,$J22,$L22)-TODAY()) -> 11 | O22: =IF($N22="","NOT LOGGED",IF($N22<=0,"OVERDUE",IF($N22<=Intervals!$C$27,"DUE SOON","OK"))) -> OK | P22: UNIFIRST tag. Photo: utility alcove - plumbed eyewash, water heater and chemical drum in the same bay, may be an unlogged station.
A23: FE18 | B23: Central Drying Area | C23: Dry chemical, stored pressure | D23: 46023 | E23: 46226 | F23: =IF($E23="","",$E23+Intervals!$C$5) -> 46256 | G23: 46082 | H23: =IF($G23="","",EDATE($G23,Intervals!$C$6)) -> 46447 | J23: =IF($C23="","",IF(AND($I23="",$D23=""),"",EDATE(IF($I23="",$D23,$I23),12*INDEX(Intervals!$B$14:$B$18,MATCH($C23,Intervals!$A$14:$A$18,0))))) -> 48214 | L23: =IF($C23="","",IF(AND($K23="",$D23=""),"",EDATE(IF($K23="",$D23,$K23),12*INDEX(Intervals!$C$14:$C$18,MATCH($C23,Intervals!$A$14:$A$18,0))))) -> 50406 | M23: =IF(COUNT($F23,$H23,$J23,$L23)=0,"—",IF(MIN($F23,$H23,$J23,$L23)=$F23,"Monthly inspection",IF(MIN($F23,$H23,$J23,$L23)=$H23,"Annual maintenance",IF(MIN($F23,$H23,$J23,$L23)=$J23,"Internal exam","Hydrostatic test")))) -> Monthly inspection | N23: =IF(COUNT($F23,$H23,$J23,$L23)=0,"",MIN($F23,$H23,$J23,$L23)-TODAY()) -> 11 | O23: =IF($N23="","NOT LOGGED",IF($N23<=0,"OVERDUE",IF($N23<=Intervals!$C$27,"DUE SOON","OK"))) -> OK | P23: UNIFIRST tag, gauge green. Photo: by the EXIT door on the ladder / hose-reel aisle.
A24: FE19 | B24: Loading Dock | C24: Dry chemical, stored pressure | D24: 46023 | E24: 46226 | F24: =IF($E24="","",$E24+Intervals!$C$5) -> 46256 | G24: 46082 | H24: =IF($G24="","",EDATE($G24,Intervals!$C$6)) -> 46447 | J24: =IF($C24="","",IF(AND($I24="",$D24=""),"",EDATE(IF($I24="",$D24,$I24),12*INDEX(Intervals!$B$14:$B$18,MATCH($C24,Intervals!$A$14:$A$18,0))))) -> 48214 | L24: =IF($C24="","",IF(AND($K24="",$D24=""),"",EDATE(IF($K24="",$D24,$K24),12*INDEX(Intervals!$C$14:$C$18,MATCH($C24,Intervals!$A$14:$A$18,0))))) -> 50406 | M24: =IF(COUNT($F24,$H24,$J24,$L24)=0,"—",IF(MIN($F24,$H24,$J24,$L24)=$F24,"Monthly inspection",IF(MIN($F24,$H24,$J24,$L24)=$H24,"Annual maintenance",IF(MIN($F24,$H24,$J24,$L24)=$J24,"Internal exam","Hydrostatic test")))) -> Monthly inspection | N24: =IF(COUNT($F24,$H24,$J24,$L24)=0,"",MIN($F24,$H24,$J24,$L24)-TODAY()) -> 11 | O24: =IF($N24="","NOT LOGGED",IF($N24<=0,"OVERDUE",IF($N24<=Intervals!$C$27,"DUE SOON","OK"))) -> OK | P24: UNIFIRST tag, clearest of the set: MAR cell PUNCHED, agent dot on ABC (DRY CHEM), permit PO1702, tech signature present. Photo: personnel door beside the overhead doors.
A25: FE20 | B25: Water System / Maintenance Area | C25: Dry chemical, stored pressure | D25: 46023 | E25: 46226 | F25: =IF($E25="","",$E25+Intervals!$C$5) -> 46256 | G25: 46082 | H25: =IF($G25="","",EDATE($G25,Intervals!$C$6)) -> 46447 | J25: =IF($C25="","",IF(AND($I25="",$D25=""),"",EDATE(IF($I25="",$D25,$I25),12*INDEX(Intervals!$B$14:$B$18,MATCH($C25,Intervals!$A$14:$A$18,0))))) -> 48214 | L25: =IF($C25="","",IF(AND($K25="",$D25=""),"",EDATE(IF($K25="",$D25,$K25),12*INDEX(Intervals!$C$14:$C$18,MATCH($C25,Intervals!$A$14:$A$18,0))))) -> 50406 | M25: =IF(COUNT($F25,$H25,$J25,$L25)=0,"—",IF(MIN($F25,$H25,$J25,$L25)=$F25,"Monthly inspection",IF(MIN($F25,$H25,$J25,$L25)=$H25,"Annual maintenance",IF(MIN($F25,$H25,$J25,$L25)=$J25,"Internal exam","Hydrostatic test")))) -> Monthly inspection | N25: =IF(COUNT($F25,$H25,$J25,$L25)=0,"",MIN($F25,$H25,$J25,$L25)-TODAY()) -> 11 | O25: =IF($N25="","NOT LOGGED",IF($N25<=0,"OVERDUE",IF($N25<=Intervals!$C$27,"DUE SOON","OK"))) -> OK | P25: UNIFIRST tag: MAR cell PUNCHED. Photo: EMERGENCY EXIT ONLY door by the air compressors.
A26: FE21 | B26: Office stairwell (by the conference room) - added to plan 08/10/2026 | C26: Dry chemical, stored pressure | D26: 46023 | E26: 46226 | F26: =IF($E26="","",$E26+Intervals!$C$5) -> 46256 | H26: =IF($G26="","",EDATE($G26,Intervals!$C$6)) | J26: =IF($C26="","",IF(AND($I26="",$D26=""),"",EDATE(IF($I26="",$D26,$I26),12*INDEX(Intervals!$B$14:$B$18,MATCH($C26,Intervals!$A$14:$A$18,0))))) -> 48214 | L26: =IF($C26="","",IF(AND($K26="",$D26=""),"",EDATE(IF($K26="",$D26,$K26),12*INDEX(Intervals!$C$14:$C$18,MATCH($C26,Intervals!$A$14:$A$18,0))))) -> 50406 | M26: =IF(COUNT($F26,$H26,$J26,$L26)=0,"—",IF(MIN($F26,$H26,$J26,$L26)=$F26,"Monthly inspection",IF(MIN($F26,$H26,$J26,$L26)=$H26,"Annual maintenance",IF(MIN($F26,$H26,$J26,$L26)=$J26,"Internal exam","Hydrostatic test")))) -> Monthly inspection | N26: =IF(COUNT($F26,$H26,$J26,$L26)=0,"",MIN($F26,$H26,$J26,$L26)-TODAY()) -> 11 | O26: =IF($N26="","NOT LOGGED",IF($N26<=0,"OVERDUE",IF($N26<=Intervals!$C$27,"DUE SOON","OK"))) -> OK | P26: Victory monthly tag with THREE handwritten entries - so this unit was already in service and being inspected before 08/10/2026; it was simply absent from the older plan drawing. Dates not readable at the angle shot, so Last Monthly is taken from the building sweep. Gauge green. Photo: mezzanine landing at the top of the stairs, plywood subfloor - area still being finished.
A28: Dates in mm/dd/yyyy (example: the 07/23/2026 values above). A blank Last date means that check is not tracked and shows NOT LOGGED.
A29: Source: 07/23/2026 baseline sweep supplied by John Godek, Atomic Industries. FE21 added 08/10/2026 from the marked-up plant layout and has no check history yet. Intervals per NFPA 10 — see the Intervals tab.

Sheet EL Log
A1: Emergency Light PM Log — Atomic Industries, 50479 Birch Drive, Shelby Township, MI
A2: Edit only the yellow cells. NFPA 101 7.9.3 requires two separate tests per fixture — a 30-day test held at least 30 seconds, and an annual test held the full 90 minutes on battery.
A3: RENUMBERED 08/10/2026 per the marked-up plant layout, then EXTENDED to EL23. The "Was" column maps each row back to its previous ID - relabel the physical fixtures to match. EL22 (server room) and EL23 (south aisle, plant side) were found after the renumbering and have no check history yet. Last Annual Test is blank on every fixture.
A5: EL # | B5: Was | C5: Near Location | D5: Last Monthly Test | E5: Next Monthly Test | F5: Last Annual Test | G5: Next Annual Test | H5: Next Action | I5: Days Remaining | J5: Status | K5: Notes
A6: EL1 | B6: EL1 | C6: Office Area (west entry) | D6: 46226 | E6: =IF($D6="","",$D6+Intervals!$C$7) -> 46256 | G6: =IF($F6="","",EDATE($F6,Intervals!$C$8)) | H6: =IF(COUNT($E6,$G6)=0,"—",IF(MIN($E6,$G6)=$E6,"Monthly function test","Annual 90-minute test")) -> Monthly function test | I6: =IF(COUNT($E6,$G6)=0,"",MIN($E6,$G6)-TODAY()) -> 11 | J6: =IF($I6="","NOT LOGGED",IF($I6<=0,"OVERDUE",IF($I6<=Intervals!$C$27,"DUE SOON","OK"))) -> OK
A7: EL2 | B7: EL2 | C7: Admin Desk | D7: 46226 | E7: =IF($D7="","",$D7+Intervals!$C$7) -> 46256 | G7: =IF($F7="","",EDATE($F7,Intervals!$C$8)) | H7: =IF(COUNT($E7,$G7)=0,"—",IF(MIN($E7,$G7)=$E7,"Monthly function test","Annual 90-minute test")) -> Monthly function test | I7: =IF(COUNT($E7,$G7)=0,"",MIN($E7,$G7)-TODAY()) -> 11 | J7: =IF($I7="","NOT LOGGED",IF($I7<=0,"OVERDUE",IF($I7<=Intervals!$C$27,"DUE SOON","OK"))) -> OK
A8: EL3 | B8: EL3 | C8: Admin Desk / Visitors Office | D8: 46226 | E8: =IF($D8="","",$D8+Intervals!$C$7) -> 46256 | G8: =IF($F8="","",EDATE($F8,Intervals!$C$8)) | H8: =IF(COUNT($E8,$G8)=0,"—",IF(MIN($E8,$G8)=$E8,"Monthly function test","Annual 90-minute test")) -> Monthly function test | I8: =IF(COUNT($E8,$G8)=0,"",MIN($E8,$G8)-TODAY()) -> 11 | J8: =IF($I8="","NOT LOGGED",IF($I8<=0,"OVERDUE",IF($I8<=Intervals!$C$27,"DUE SOON","OK"))) -> OK
A9: EL4 | B9: NEW | C9: Office 2 / Office 3 corridor | E9: =IF($D9="","",$D9+Intervals!$C$7) | G9: =IF($F9="","",EDATE($F9,Intervals!$C$8)) | H9: =IF(COUNT($E9,$G9)=0,"—",IF(MIN($E9,$G9)=$E9,"Monthly function test","Annual 90-minute test")) -> — | I9: =IF(COUNT($E9,$G9)=0,"",MIN($E9,$G9)-TODAY()) | J9: =IF($I9="","NOT LOGGED",IF($I9<=0,"OVERDUE",IF($I9<=Intervals!$C$27,"DUE SOON","OK"))) -> NOT LOGGED
A10: EL5 | B10: EL5 | C10: Supervisors / Office 5 Director | D10: 46226 | E10: =IF($D10="","",$D10+Intervals!$C$7) -> 46256 | G10: =IF($F10="","",EDATE($F10,Intervals!$C$8)) | H10: =IF(COUNT($E10,$G10)=0,"—",IF(MIN($E10,$G10)=$E10,"Monthly function test","Annual 90-minute test")) -> Monthly function test | I10: =IF(COUNT($E10,$G10)=0,"",MIN($E10,$G10)-TODAY()) -> 11 | J10: =IF($I10="","NOT LOGGED",IF($I10<=0,"OVERDUE",IF($I10<=Intervals!$C$27,"DUE SOON","OK"))) -> OK
A11: EL6 | B11: NEW | C11: IT Room hallway | E11: =IF($D11="","",$D11+Intervals!$C$7) | G11: =IF($F11="","",EDATE($F11,Intervals!$C$8)) | H11: =IF(COUNT($E11,$G11)=0,"—",IF(MIN($E11,$G11)=$E11,"Monthly function test","Annual 90-minute test")) -> — | I11: =IF(COUNT($E11,$G11)=0,"",MIN($E11,$G11)-TODAY()) | J11: =IF($I11="","NOT LOGGED",IF($I11<=0,"OVERDUE",IF($I11<=Intervals!$C$27,"DUE SOON","OK"))) -> NOT LOGGED
A12: EL7 | B12: EL6 | C12: Quality Manager | D12: 46226 | E12: =IF($D12="","",$D12+Intervals!$C$7) -> 46256 | G12: =IF($F12="","",EDATE($F12,Intervals!$C$8)) | H12: =IF(COUNT($E12,$G12)=0,"—",IF(MIN($E12,$G12)=$E12,"Monthly function test","Annual 90-minute test")) -> Monthly function test | I12: =IF(COUNT($E12,$G12)=0,"",MIN($E12,$G12)-TODAY()) -> 11 | J12: =IF($I12="","NOT LOGGED",IF($I12<=0,"OVERDUE",IF($I12<=Intervals!$C$27,"DUE SOON","OK"))) -> OK
A13: EL8 | B13: NEW | C13: Quality Lab | E13: =IF($D13="","",$D13+Intervals!$C$7) | G13: =IF($F13="","",EDATE($F13,Intervals!$C$8)) | H13: =IF(COUNT($E13,$G13)=0,"—",IF(MIN($E13,$G13)=$E13,"Monthly function test","Annual 90-minute test")) -> — | I13: =IF(COUNT($E13,$G13)=0,"",MIN($E13,$G13)-TODAY()) | J13: =IF($I13="","NOT LOGGED",IF($I13<=0,"OVERDUE",IF($I13<=Intervals!$C$27,"DUE SOON","OK"))) -> NOT LOGGED
A14: EL9 | B14: EL7 | C14: Break Room entrance (office side) | D14: 46226 | E14: =IF($D14="","",$D14+Intervals!$C$7) -> 46256 | G14: =IF($F14="","",EDATE($F14,Intervals!$C$8)) | H14: =IF(COUNT($E14,$G14)=0,"—",IF(MIN($E14,$G14)=$E14,"Monthly function test","Annual 90-minute test")) -> Monthly function test | I14: =IF(COUNT($E14,$G14)=0,"",MIN($E14,$G14)-TODAY()) -> 11 | J14: =IF($I14="","NOT LOGGED",IF($I14<=0,"OVERDUE",IF($I14<=Intervals!$C$27,"DUE SOON","OK"))) -> OK
A15: EL10 | B15: NEW | C15: Break Room (inside) | E15: =IF($D15="","",$D15+Intervals!$C$7) | G15: =IF($F15="","",EDATE($F15,Intervals!$C$8)) | H15: =IF(COUNT($E15,$G15)=0,"—",IF(MIN($E15,$G15)=$E15,"Monthly function test","Annual 90-minute test")) -> — | I15: =IF(COUNT($E15,$G15)=0,"",MIN($E15,$G15)-TODAY()) | J15: =IF($I15="","NOT LOGGED",IF($I15<=0,"OVERDUE",IF($I15<=Intervals!$C$27,"DUE SOON","OK"))) -> NOT LOGGED
A16: EL11 | B16: EL8 | C16: Break Room, leading into the bathroom hallway | D16: 46226 | E16: =IF($D16="","",$D16+Intervals!$C$7) -> 46256 | G16: =IF($F16="","",EDATE($F16,Intervals!$C$8)) | H16: =IF(COUNT($E16,$G16)=0,"—",IF(MIN($E16,$G16)=$E16,"Monthly function test","Annual 90-minute test")) -> Monthly function test | I16: =IF(COUNT($E16,$G16)=0,"",MIN($E16,$G16)-TODAY()) -> 11 | J16: =IF($I16="","NOT LOGGED",IF($I16<=0,"OVERDUE",IF($I16<=Intervals!$C$27,"DUE SOON","OK"))) -> OK
A17: EL12 | B17: NEW | C17: By the bathrooms | E17: =IF($D17="","",$D17+Intervals!$C$7) | G17: =IF($F17="","",EDATE($F17,Intervals!$C$8)) | H17: =IF(COUNT($E17,$G17)=0,"—",IF(MIN($E17,$G17)=$E17,"Monthly function test","Annual 90-minute test")) -> — | I17: =IF(COUNT($E17,$G17)=0,"",MIN($E17,$G17)-TODAY()) | J17: =IF($I17="","NOT LOGGED",IF($I17<=0,"OVERDUE",IF($I17<=Intervals!$C$27,"DUE SOON","OK"))) -> NOT LOGGED
A18: EL13 | B18: EL10 | C18: 190 / 240 Ton south aisle | D18: 46226 | E18: =IF($D18="","",$D18+Intervals!$C$7) -> 46256 | G18: =IF($F18="","",EDATE($F18,Intervals!$C$8)) | H18: =IF(COUNT($E18,$G18)=0,"—",IF(MIN($E18,$G18)=$E18,"Monthly function test","Annual 90-minute test")) -> Monthly function test | I18: =IF(COUNT($E18,$G18)=0,"",MIN($E18,$G18)-TODAY()) -> 11 | J18: =IF($I18="","NOT LOGGED",IF($I18<=0,"OVERDUE",IF($I18<=Intervals!$C$27,"DUE SOON","OK"))) -> OK
A19: EL14 | B19: EL11 | C19: South aisle exit (below 190 Ton) | D19: 46226 | E19: =IF($D19="","",$D19+Intervals!$C$7) -> 46256 | G19: =IF($F19="","",EDATE($F19,Intervals!$C$8)) | H19: =IF(COUNT($E19,$G19)=0,"—",IF(MIN($E19,$G19)=$E19,"Monthly function test","Annual 90-minute test")) -> Monthly function test | I19: =IF(COUNT($E19,$G19)=0,"",MIN($E19,$G19)-TODAY()) -> 11 | J19: =IF($I19="","NOT LOGGED",IF($I19<=0,"OVERDUE",IF($I19<=Intervals!$C$27,"DUE SOON","OK"))) -> OK
A20: EL15 | B20: EL9 | C20: 190 Ton press bay | D20: 46226 | E20: =IF($D20="","",$D20+Intervals!$C$7) -> 46256 | G20: =IF($F20="","",EDATE($F20,Intervals!$C$8)) | H20: =IF(COUNT($E20,$G20)=0,"—",IF(MIN($E20,$G20)=$E20,"Monthly function test","Annual 90-minute test")) -> Monthly function test | I20: =IF(COUNT($E20,$G20)=0,"",MIN($E20,$G20)-TODAY()) -> 11 | J20: =IF($I20="","NOT LOGGED",IF($I20<=0,"OVERDUE",IF($I20<=Intervals!$C$27,"DUE SOON","OK"))) -> OK
A21: EL16 | B21: EL4 | C21: Office Area (north aisle) | D21: 46226 | E21: =IF($D21="","",$D21+Intervals!$C$7) -> 46256 | G21: =IF($F21="","",EDATE($F21,Intervals!$C$8)) | H21: =IF(COUNT($E21,$G21)=0,"—",IF(MIN($E21,$G21)=$E21,"Monthly function test","Annual 90-minute test")) -> Monthly function test | I21: =IF(COUNT($E21,$G21)=0,"",MIN($E21,$G21)-TODAY()) -> 11 | J21: =IF($I21="","NOT LOGGED",IF($I21<=0,"OVERDUE",IF($I21<=Intervals!$C$27,"DUE SOON","OK"))) -> OK
A22: EL17 | B22: EL12 | C22: Warehouse Area | D22: 46226 | E22: =IF($D22="","",$D22+Intervals!$C$7) -> 46256 | G22: =IF($F22="","",EDATE($F22,Intervals!$C$8)) | H22: =IF(COUNT($E22,$G22)=0,"—",IF(MIN($E22,$G22)=$E22,"Monthly function test","Annual 90-minute test")) -> Monthly function test | I22: =IF(COUNT($E22,$G22)=0,"",MIN($E22,$G22)-TODAY()) -> 11 | J22: =IF($I22="","NOT LOGGED",IF($I22<=0,"OVERDUE",IF($I22<=Intervals!$C$27,"DUE SOON","OK"))) -> OK
A23: EL18 | B23: EL14 | C23: Central Drying Area | D23: 46226 | E23: =IF($D23="","",$D23+Intervals!$C$7) -> 46256 | G23: =IF($F23="","",EDATE($F23,Intervals!$C$8)) | H23: =IF(COUNT($E23,$G23)=0,"—",IF(MIN($E23,$G23)=$E23,"Monthly function test","Annual 90-minute test")) -> Monthly function test | I23: =IF(COUNT($E23,$G23)=0,"",MIN($E23,$G23)-TODAY()) -> 11 | J23: =IF($I23="","NOT LOGGED",IF($I23<=0,"OVERDUE",IF($I23<=Intervals!$C$27,"DUE SOON","OK"))) -> OK
A24: EL19 | B24: EL13 | C24: Shipping & Receiving | D24: 46226 | E24: =IF($D24="","",$D24+Intervals!$C$7) -> 46256 | G24: =IF($F24="","",EDATE($F24,Intervals!$C$8)) | H24: =IF(COUNT($E24,$G24)=0,"—",IF(MIN($E24,$G24)=$E24,"Monthly function test","Annual 90-minute test")) -> Monthly function test | I24: =IF(COUNT($E24,$G24)=0,"",MIN($E24,$G24)-TODAY()) -> 11 | J24: =IF($I24="","NOT LOGGED",IF($I24<=0,"OVERDUE",IF($I24<=Intervals!$C$27,"DUE SOON","OK"))) -> OK
A25: EL20 | B25: EL15 | C25: Loading Dock / east wall | D25: 46226 | E25: =IF($D25="","",$D25+Intervals!$C$7) -> 46256 | G25: =IF($F25="","",EDATE($F25,Intervals!$C$8)) | H25: =IF(COUNT($E25,$G25)=0,"—",IF(MIN($E25,$G25)=$E25,"Monthly function test","Annual 90-minute test")) -> Monthly function test | I25: =IF(COUNT($E25,$G25)=0,"",MIN($E25,$G25)-TODAY()) -> 11 | J25: =IF($I25="","NOT LOGGED",IF($I25<=0,"OVERDUE",IF($I25<=Intervals!$C$27,"DUE SOON","OK"))) -> OK
A26: EL21 | B26: EL16 | C26: Water System (east wall) | D26: 46226 | E26: =IF($D26="","",$D26+Intervals!$C$7) -> 46256 | G26: =IF($F26="","",EDATE($F26,Intervals!$C$8)) | H26: =IF(COUNT($E26,$G26)=0,"—",IF(MIN($E26,$G26)=$E26,"Monthly function test","Annual 90-minute test")) -> Monthly function test | I26: =IF(COUNT($E26,$G26)=0,"",MIN($E26,$G26)-TODAY()) -> 11 | J26: =IF($I26="","NOT LOGGED",IF($I26<=0,"OVERDUE",IF($I26<=Intervals!$C$27,"DUE SOON","OK"))) -> OK
A27: EL22 | B27: NEW | C27: Server / IT Room (inside the room) | E27: =IF($D27="","",$D27+Intervals!$C$7) | G27: =IF($F27="","",EDATE($F27,Intervals!$C$8)) | H27: =IF(COUNT($E27,$G27)=0,"—",IF(MIN($E27,$G27)=$E27,"Monthly function test","Annual 90-minute test")) -> — | I27: =IF(COUNT($E27,$G27)=0,"",MIN($E27,$G27)-TODAY()) | J27: =IF($I27="","NOT LOGGED",IF($I27<=0,"OVERDUE",IF($I27<=Intervals!$C$27,"DUE SOON","OK"))) -> NOT LOGGED
A28: EL23 | B28: NEW | C28: South aisle, plant side of the wall from EL14 (toward the 240 Ton) | E28: =IF($D28="","",$D28+Intervals!$C$7) | G28: =IF($F28="","",EDATE($F28,Intervals!$C$8)) | H28: =IF(COUNT($E28,$G28)=0,"—",IF(MIN($E28,$G28)=$E28,"Monthly function test","Annual 90-minute test")) -> — | I28: =IF(COUNT($E28,$G28)=0,"",MIN($E28,$G28)-TODAY()) | J28: =IF($I28="","NOT LOGGED",IF($I28<=0,"OVERDUE",IF($I28<=Intervals!$C$27,"DUE SOON","OK"))) -> NOT LOGGED
A30: Blue rows are fixtures added 08/10/2026 — they have no check history, so they show NOT LOGGED until you record a test.
A31: Source: 07/23/2026 baseline sweep supplied by John Godek, Atomic Industries, recorded as the monthly function test. Renumbering and the five new fixtures taken from the plant layout marked up 08/10/2026. Intervals per NFPA 101 7.9.3 — see the Intervals tab.
A32: Self-testing / self-diagnostic fixtures still require documented annual verification.

Sheet EW Log
A1: Eye Wash Station PM Log — Atomic Industries, 50479 Birch Drive, Shelby Township, MI
A2: Edit only the yellow cells. ANSI/ISEA Z358.1 requires a weekly activation (to clear the dead leg and confirm flow) plus an annual inspection by a competent person at full 15-minute flow. Self-contained units also need their flushing fluid replaced on the manufacturer's schedule.
A3: All four stations photographed and identified 08/10/2026. TWO FINDINGS: (1) the shared tag says "test weekly per ANSI Z358.1" but the entries are 5/13, 6/16, 7/23 - roughly monthly, not weekly, so every station reads OVERDUE below. (2) EW2 at the battery chargers is squeeze bottles only, which Z358.1 treats as supplemental and not a substitute for a real eyewash.
A5: EW # | B5: Near Location | C5: Type | D5: Last Weekly Check | E5: Next Weekly Check | F5: Last Annual Inspection | G5: Next Annual Inspection | H5: Last Fluid Change | I5: Next Fluid Change | J5: Next Action | K5: Days Remaining | L5: Status | M5: Notes
A6: EW1 | B6: Plant floor at the blue wall, inside the yellow guardrail | C6: Plumbed | D6: 46226 | E6: =IF($D6="","",$D6+Intervals!$C$9) -> 46233 | G6: =IF($F6="","",EDATE($F6,Intervals!$C$10)) | I6: =IF($C6="","",IF(INDEX(Intervals!$B$22:$B$24,MATCH($C6,Intervals!$A$22:$A$24,0))=0,"N/A",IF($H6="","",EDATE($H6,INDEX(Intervals!$B$22:$B$24,MATCH($C6,Intervals!$A$22:$A$24,0)))))) -> N/A | J6: =IF(COUNT($E6,$G6,$I6)=0,"—",IF(MIN($E6,$G6,$I6)=$E6,"Weekly activation",IF(MIN($E6,$G6,$I6)=$G6,"Annual inspection","Fluid change"))) -> Weekly activation | K6: =IF(COUNT($E6,$G6,$I6)=0,"",MIN($E6,$G6,$I6)-TODAY()) -> -12 | L6: =IF($K6="","NOT LOGGED",IF($K6<=0,"OVERDUE",IF($K6<=Intervals!$C$28,"DUE SOON","OK"))) -> OVERDUE | M6: Shared weekly tag (photographed at EW3) reads 5/13, 5/13, 6/16, 7/23/26 (JB). Plumbed bowl, twin heads, dedicated supply line. Utility sink alongside.
A7: EW2 | B7: Hi-lo battery charging area, grid cross above the 600 Ton | C7: Personal eye flush bottles (supplemental) | D7: 46226 | E7: =IF($D7="","",$D7+Intervals!$C$9) -> 46233 | G7: =IF($F7="","",EDATE($F7,Intervals!$C$10)) | I7: =IF($C7="","",IF(INDEX(Intervals!$B$22:$B$24,MATCH($C7,Intervals!$A$22:$A$24,0))=0,"N/A",IF($H7="","",EDATE($H7,INDEX(Intervals!$B$22:$B$24,MATCH($C7,Intervals!$A$22:$A$24,0)))))) | J7: =IF(COUNT($E7,$G7,$I7)=0,"—",IF(MIN($E7,$G7,$I7)=$E7,"Weekly activation",IF(MIN($E7,$G7,$I7)=$G7,"Annual inspection","Fluid change"))) -> Weekly activation | K7: =IF(COUNT($E7,$G7,$I7)=0,"",MIN($E7,$G7,$I7)-TODAY()) -> -12 | L7: =IF($K7="","NOT LOGGED",IF($K7<=0,"OVERDUE",IF($K7<=Intervals!$C$28,"DUE SOON","OK"))) -> OVERDUE | M7: Shared weekly tag (photographed at EW3) reads 5/13, 5/13, 6/16, 7/23/26 (JB). NOT A COMPLIANT EYEWASH: two squeeze bottles in a wall bracket, signed as an EMERGENCY EYE WASH STATION. Supplemental only under Z358.1 - needs a plumbed or self-contained unit within 10 seconds of the chargers (battery acid hazard).
A8: EW3 | B8: Janitor / utility room | C8: Plumbed | D8: 46226 | E8: =IF($D8="","",$D8+Intervals!$C$9) -> 46233 | G8: =IF($F8="","",EDATE($F8,Intervals!$C$10)) | I8: =IF($C8="","",IF(INDEX(Intervals!$B$22:$B$24,MATCH($C8,Intervals!$A$22:$A$24,0))=0,"N/A",IF($H8="","",EDATE($H8,INDEX(Intervals!$B$22:$B$24,MATCH($C8,Intervals!$A$22:$A$24,0)))))) -> N/A | J8: =IF(COUNT($E8,$G8,$I8)=0,"—",IF(MIN($E8,$G8,$I8)=$E8,"Weekly activation",IF(MIN($E8,$G8,$I8)=$G8,"Annual inspection","Fluid change"))) -> Weekly activation | K8: =IF(COUNT($E8,$G8,$I8)=0,"",MIN($E8,$G8,$I8)-TODAY()) -> -12 | L8: =IF($K8="","NOT LOGGED",IF($K8<=0,"OVERDUE",IF($K8<=Intervals!$C$28,"DUE SOON","OK"))) -> OVERDUE | M8: Shared weekly tag (photographed at EW3) reads 5/13, 5/13, 6/16, 7/23/26 (JB). Plumbed bowl with floor drain pan, alongside the mop sink, water heater and the Fury Degreaser drum / dilution station.
A9: EW4 | B9: Utility sink by the bay door, left of the Water System | C9: Plumbed | D9: 46226 | E9: =IF($D9="","",$D9+Intervals!$C$9) -> 46233 | G9: =IF($F9="","",EDATE($F9,Intervals!$C$10)) | I9: =IF($C9="","",IF(INDEX(Intervals!$B$22:$B$24,MATCH($C9,Intervals!$A$22:$A$24,0))=0,"N/A",IF($H9="","",EDATE($H9,INDEX(Intervals!$B$22:$B$24,MATCH($C9,Intervals!$A$22:$A$24,0)))))) -> N/A | J9: =IF(COUNT($E9,$G9,$I9)=0,"—",IF(MIN($E9,$G9,$I9)=$E9,"Weekly activation",IF(MIN($E9,$G9,$I9)=$G9,"Annual inspection","Fluid change"))) -> Weekly activation | K9: =IF(COUNT($E9,$G9,$I9)=0,"",MIN($E9,$G9,$I9)-TODAY()) -> -12 | L9: =IF($K9="","NOT LOGGED",IF($K9<=0,"OVERDUE",IF($K9<=Intervals!$C$28,"DUE SOON","OK"))) -> OVERDUE | M9: Shared weekly tag (photographed at EW3) reads 5/13, 5/13, 6/16, 7/23/26 (JB). Faucet-mounted swing-down eyewash on the utility sink. Confirm it reaches full flow with the faucet on, and that the sink stays clear.
A11: Dates in mm/dd/yyyy (for example 08/10/2026). A blank Last date means that check is not tracked and shows NOT LOGGED.
A12: Source: four stations located from the plant layout marked up 08/10/2026 by John Godek, Atomic Industries. Intervals per ANSI/ISEA Z358.1 — see the Intervals tab. OSHA 29 CFR 1910.151(c) is the underlying US requirement to provide suitable facilities for quick drenching or flushing.
A13: Z358.1 also expects each station to be reachable within 10 seconds of the hazard, unobstructed, signed, and to deliver tepid fluid (60–100°F) for a full 15 minutes — verify these at the annual inspection.
A14: RESOLVED: the two eye wash sightings flagged from the extinguisher photos are EW2 (the battery-charger column, near FE16) and EW3 (the utility room, near FE17). There are four stations, not more.
A15: WEEKLY vs MONTHLY: at a 7-day interval a 07/23 test is already overdue. If the intent is a monthly walk, that does not meet Z358.1 - either move to a weekly activation or take it up with your AHJ. Do not simply widen the interval on the Intervals tab to make the board turn green.
